iter,config,congeladas,aug,opt,epochs,mejor ep,acc,prec,rec,F1,params (M),entren. (M),s/epoch,total (min),mem (MB)
CNN-1,"32-64-128 x1, BN=False, drop=0.0/0.0",—,False,adam lr=0.001,15,11,0.7634,0.7629146501519448,0.7633999999999999,0.7622013183418048,0.620362,0.620362,2.1696552111980663,0.5424138027995166,224.043701171875
CNN-2,"32-64-128 x1, BN=True, drop=0.1/0.3",—,True,adamw lr=0.001,25,20,0.8216,0.8205057554638859,0.8215999999999999,0.8203629161754054,0.620586,0.620586,2.4916266650368923,1.0381777770987053,262.67724609375
CNN-3,"64-128-256 x2, BN=True, drop=0.2/0.4",—,True,sgd lr=0.1,30,30,0.9254,0.9254302395674314,0.9254,0.9252442017897364,2.197706,2.197706,11.649673323565123,5.8248366617825615,462.492431640625
FE-1,lr_bb=—,b1–b5,False,sgd lr=0.01,5,5,0.8792,0.879625194549987,0.8792,0.8791518337019919,134.301514,119.586826,83.77752883340581,6.9814607361171515,1645.771240234375
FE-2,lr_bb=—,b1–b5,True,sgd lr=0.01,5,4,0.872,0.872350013854656,0.8719999999999999,0.8715306847598017,134.301514,119.586826,85.07178335820791,7.089315279850658,1647.396240234375
FE-3,lr_bb=—,b1–b5 + fc6–fc7,True,sgd lr=0.01,5,5,0.8282,0.8286522778363075,0.8282,0.8271610518650009,134.301514,0.04097,73.34286613319418,6.111905511099516,712.583740234375
FT-1,lr_bb=0.001,b1–b4,True,sgd lr=0.01,5,5,0.9016,0.9015891672864473,0.9015999999999998,0.9012876409408499,134.301514,126.66625,103.51558889200678,8.626299074333899,1750.408447265625
FT-2,lr_bb=0.001,b1–b3,True,sgd lr=0.01,5,5,0.9256,0.9256650180838948,0.9256,0.9255100016059699,134.301514,132.566026,153.56748149139457,12.797290124282881,1968.420166015625
FT-3,lr_bb=0.0001,b1–b3,True,sgd lr=0.01,5,5,0.9024,0.9025014338378264,0.9023999999999999,0.9021614342905687,134.301514,132.566026,155.830840824591,12.98590340204925,1968.920166015625
FT-4,lr_bb=0.001,b1–b2,True,sgd lr=0.01,5,5,0.9344,0.9343257676866962,0.9344000000000001,0.9342500632007944,134.301514,134.041354,210.48396053339238,17.540330044449366,2323.176025390625
