,CNN desde cero,VGG-16 feature extractor,VGG-16 fine-tuning
iteración,CNN-3,FE-1,FT-4
params totales (M),2.197706,134.301514,134.301514
params entrenables (M),2.197706,119.586826,134.041354
GMACs / img,0.154274304,3.956343788,3.956343788
GFLOPs / img (inferencia),0.308548608,7.912687576,7.912687576
latencia bs=1 (ms),0.5035525000130292,4.452461040054914,4.421094169956632
ms / img bs=256,0.07077079277451048,1.6114256347634637,1.6184716796885823
s / epoch,11.649673323565123,83.77752883340581,210.48396053339238
epochs hasta mejor val,30,5,5
epochs entrenados,30,5,5
tiempo total (min),5.8248366617825615,6.9814607361171515,17.540330044449366
memoria pico (MB),462.492431640625,1645.771240234375,2323.176025390625
GFLOPs entrenamiento / img,0.925645824,8.391432072,19.02713844
PFLOPs entrenamiento total,1.2496218624,1.8880722162,4.281106149
PFLOPs hasta mejor epoch,1.2496218624,1.8880722162,4.281106149
test accuracy,0.9183,0.8771,0.934
test precision,0.918085006687581,0.8769248338982774,0.9338865589454443
test recall,0.9183,0.8771000000000001,0.9339999999999999
test F1,0.9179632339008134,0.8768250353117315,0.9338676194754927
test F1 (10 % datos),0.7872985470410008,0.8197850974363756,0.8832642399681193
test acc (10 % datos),0.7877,0.82,0.8835
